feature,PC1,PC2,PC3,PC4,PC5,PC6,PC7,PC8,PC9,PC10,PC11,PC12,PC13,PC14,PC15
hour_0_shape,-0.39631563891606086,-0.7287918444042875,0.20142071545284765,-0.1278656499878866,-0.3137066864757206,-0.00411898760042232,0.2472830321333906,-0.020783688680525672,-0.04485354372723396,0.17091668669261936,0.1300926476600358,-0.025614128700999026,-0.0012337763106101594,-0.05002541237239022,-0.035759879276963884
hour_1_shape,-0.6341556117103645,-0.6200612309044318,0.09030747733071312,-0.1295983350301327,-0.1571010185208005,0.045498168462887734,0.2321576552340791,-0.021806986413055247,-0.026518977423578553,0.10975038750674627,0.19843182151861213,-0.06680655880258073,-0.010228370960955043,-0.0666238672581534,-0.06951751988069979
hour_2_shape,-0.8412139044373824,-0.42809042287230925,0.03312923652372604,-0.046422765796706573,-0.03986881585767786,0.0842408286870835,0.1627290746779885,0.0019426186324041298,-0.01728825304884685,-0.044951304158212683,0.16825426049259407,-0.07021799740765924,0.10096771035716971,-0.035199689369947454,-0.04771992765772145
hour_3_shape,-0.8681227121954649,-0.3480953596365566,-0.058285548496341245,0.03486426306125279,0.07263758520659032,0.1236122481994875,0.0975869190124362,0.03404489640121903,0.025406707240686804,-0.15295863702320645,0.1340076647370102,-0.0695608342896692,0.03993283422727976,-0.025483521625265744,0.00041471761916432397
hour_4_shape,-0.8198885457111298,-0.27953085540078804,-0.14392628474071895,0.17942589533329392,0.2650069913756161,0.0914818412008927,0.07647383145878943,0.11144656474974914,0.052829423640797187,-0.1377685123404954,0.07121968079962915,0.0011695134498594208,-0.08445409606784202,-0.010878184201841126,0.014708951783945129
hour_5_shape,-0.5096637585193803,-0.2532302879570872,-0.3178858785997628,0.379660340342686,0.4098398520892436,0.035470722985420165,0.1879827655729514,0.2660925197322978,0.1283355495308689,-0.08951047215563257,-0.07934720482901225,0.0478972602023256,-0.24198501331695932,0.022685442511159476,0.061886624485690676
hour_6_shape,-0.12582856454461405,-0.1595951872502803,-0.4125881476944506,0.5504533311346238,0.4779360904842012,-0.09012840830681457,0.17229184545789902,0.23865672647681646,0.05432698974757968,0.12366547643459531,-0.22319160074276884,0.1150481800154004,-0.14355730325523827,-0.00010153298578301643,-0.07410451467618012
hour_7_shape,0.1409920692897431,-0.019065887734337556,-0.36614786319375886,0.7024043885954924,0.378607472451949,-0.07809958320488535,-0.007600198134812726,0.09801917514979862,0.048385675132472696,0.3096784573592087,-0.04026812471230423,0.018801538352185232,0.17884364631480398,0.013526213852526529,-0.05492387469906855
hour_8_shape,0.09338129907682341,0.16159903326494274,-0.24130576912032495,0.7757331258500073,-0.01303944454504103,-0.05677054788382447,-0.2967820053956925,-0.15553951987831818,-0.012859819403645709,0.26238118507624764,0.09558018117047493,-0.0723835216962102,0.12509029685903425,-0.06738587768561778,0.11165816673300352
hour_9_shape,-0.14645707474209557,0.5494141963418024,-0.05748947363679433,0.5822917961913863,-0.3132072872114011,0.0052681371506777515,-0.33181850405263724,-0.057323753320376904,0.010965119238414507,0.008512614963518097,0.195082394339713,-0.1237106908683684,-0.058808615609203356,0.055311021444094055,0.040524072489807716
hour_10_shape,-0.25755872123738743,0.7268692961168816,0.03850722081619453,0.3122611627239471,-0.39057362327727085,0.03744402385201539,-0.1619497839947879,-0.0679753055773411,0.04529044206973389,-0.10671582520658893,0.09842233091968743,-0.14284024357321828,-0.09670806896784123,0.09211185159892805,-0.08249901149877459
hour_11_shape,-0.2695858311773013,0.8374564727212864,0.051428470149304746,0.1389129828886231,-0.3371765327475209,0.04349960076990274,-0.030526784229573566,0.043523101130284736,0.014525038621975376,-0.15003125672855824,0.014103280921833822,-0.06589308486566865,-0.08278708650399426,0.058031326896201656,-0.030271681162729363
hour_12_shape,-0.2477134238451817,0.8759219655759765,0.0851999292128128,0.05079426754035047,-0.24779164306625526,0.052939678400763635,0.0800136711784784,0.048852351988557856,0.033279345485127544,-0.11483377004845581,-0.09508658662183328,-0.07035783211839244,-0.009018059397278289,-0.046699749696216715,0.02321971745731438
hour_13_shape,-0.21150330284469732,0.8984288708778384,0.05427953468784292,-0.12224419219383516,-0.14132335250574232,0.02023787697615707,0.14421115244733523,0.053543595393945126,-0.007672761282758416,-0.06362709329176548,-0.14880282243763476,-0.047007522564932964,0.05464367828768561,-0.06665312931640831,0.0393230375084708
hour_14_shape,-0.1392108126760869,0.8796910663279878,0.07119619588873566,-0.2376698814948275,0.02032049202572727,0.011871984552527002,0.19530715795583958,0.0433826284897747,-0.03573821401462698,-0.0059024697107603625,-0.15192408482776676,-0.04078839807217708,0.07909745704451657,-0.08272014296963855,0.049902300363600105
hour_15_shape,-0.07790548812321112,0.8153631873807835,0.06853645489048571,-0.3987806761434837,0.19245412135111822,0.09456283687097847,0.17170852637228143,0.015976006706381662,-0.02921679286306412,0.08064172913270948,-0.059817894013351795,0.04878018051737556,0.10031477331907789,-0.03871513535700267,0.08105310203180749
hour_16_shape,0.0962689790209335,0.633855016060161,0.1522760791267995,-0.5399509053940794,0.3965794397382119,0.06244586553735172,0.06188039076282884,0.0029482822403456665,-0.040824478469142236,0.12828369452797866,0.11878682783905921,0.03406660086198788,0.0181051743804524,0.08144705434748586,-0.01724859515015689
hour_17_shape,0.35378098445664147,0.2602877770423207,0.09259155571734412,-0.5417117267838668,0.5771142263096956,0.005966077020084061,-0.14646882305414718,-0.10333757001298294,-0.003372632613499446,0.06107964402769897,0.24461370857519937,0.045598497173568266,-0.04614962154677265,0.18960942427315897,-0.035825918359467884
hour_18_shape,0.6654501239391075,-0.1968103571678825,-0.048372754383145415,-0.29557820915340194,0.470654214208696,-0.0031392390938315435,-0.2836592687944422,-0.12983611270818302,-0.04206981270228928,-0.06577718989576795,0.17740798610098807,0.02929175928244479,-0.0582811640205992,-0.021051295024067357,-0.05981774941554535
hour_19_shape,0.7194775209314803,-0.4608156516701907,-0.05650220163405937,-0.0939800661348433,0.24449912652834477,-0.025095400433869954,-0.26317138928544126,-0.04253167846358289,-0.015484597689406668,-0.25743235032301,0.04171866365658741,0.026094620449718588,0.0007853907321892355,-0.0905849121006554,-0.0354252577856548
hour_20_shape,0.6518592392058883,-0.6741654690221952,-0.02059441664289928,-0.03815682039050524,-0.009567107288654128,-0.05437262074085646,-0.19385935452373393,-0.029772695594822336,0.021315218091394073,-0.15711899249397276,-0.11691740377857432,0.06498317631718047,0.025934277991819032,-0.05285684317546129,-0.003133172546231687
hour_21_shape,0.47241032405331496,-0.7680039299308596,0.07701336347257152,-0.03550606632530207,-0.2658796569227157,-0.08054284741942093,-0.059153762937004306,-0.04625959450051206,-0.005525401295625605,-0.02229819840003371,-0.18182099066350027,0.09284075134305445,-0.014657563707707466,0.06175068318492939,0.03392392546336061
hour_22_shape,0.2298077570779111,-0.8213110430256627,0.10810977375550528,-0.10438561015617442,-0.3845801898825638,-0.08636641857696309,0.09442611397500016,-0.05385338161784478,-0.02639405629032819,0.13305567580887268,-0.14339673233267525,0.0789165009512751,0.036799575894700225,0.04580427026420983,0.05351509922904645
hour_23_shape,-0.06437049226574554,-0.8021069240994083,0.1837110762881689,-0.14533806575884278,-0.40373315684246985,-0.06499666902520033,0.19904246850631904,-0.02231946201123083,-0.046862074726540914,0.23048798787276734,-0.032960203739669895,0.03457588057156278,0.015887235465855253,0.035373232020168816,-0.00021459085015120021
morning_share,-0.1664658198960111,0.5910226727072694,-0.21516632222374305,0.7213577497126039,-0.0981548532793248,-0.024950044613507288,-0.16110471921365158,0.023332601035088354,0.04054160251328977,0.08088188974965403,0.04019577266946841,-0.07585022171274461,-0.030437651872396113,0.04605915113642286,-0.02857536826702783
afternoon_share,-0.061769459347523585,0.9089166199141401,0.1058098480915418,-0.3494364749120892,0.14028572609822074,0.05026485227967902,0.10976889714871664,0.0162741487114141,-0.01629930473845029,0.011396824114097509,-0.029845029838760802,-0.009966080818974552,0.04170119384423079,0.00045777371246821287,0.030502348144984603
evening_share,0.5777196800252274,-0.7805587225477995,0.0449303801226244,-0.13398498451239124,-0.07623571459529703,-0.06660711290739366,-0.11524787718486032,-0.06418123684693293,-0.019642270914959077,-0.045882285015964704,-0.06672173766579721,0.07023152341320313,0.003287584712577635,-0.006774893662388007,-3.9437659909697175e-05
night_share,-0.7915312497469686,-0.5474180567567644,-0.025202463787280166,0.04615360860437991,0.02559723675655394,0.07046744533747827,0.2062055064647922,0.06882951670773829,0.019611008104312443,-0.015082139374955669,0.1262169132591167,-0.036510012044631765,-0.03839941530654777,-0.03472705953601705,-0.017278803652789516
night_day_ratio,-0.4993848655002648,-0.7992094026520168,0.0025690894030036926,0.015193411160780048,-0.06343439615715046,0.025132564642679312,0.28010663448346435,0.038130894448091236,-0.00405898066112762,0.01237691616092391,0.11278357960994989,-0.028093754844357412,-0.06915931176983796,-0.05084022193266121,-0.024803138626097024
peak_hour_sin,-0.31704107371263934,0.3358472871258945,-0.059013745895681716,0.493215280561052,-0.3185205107025664,-0.1066174672298848,0.1632046282954097,-0.06592083278636006,0.03361505148086518,-0.10302335044453621,0.22007302475627014,0.5027769509342208,0.10954643321677522,0.1573913698008676,-0.01923669984891654
peak_hour_cos,0.3297284062914399,-0.7073527965310891,-0.007347442766386318,-0.16991818322067984,-0.03731885577797326,0.029068080052937675,-0.16407998690439876,0.10628080207345593,-0.10231558371825002,0.10245585876176701,-0.13666701058311986,-0.3901778741175346,-0.021068791032785545,0.20189043881527496,-0.05789121060738444
peak_concentration,0.9415425151727792,0.018343905623233972,-0.027857923508535085,0.11187922058356868,-0.06421045030618898,-0.03049148729333378,0.21905117310353803,-0.07485907894481364,-0.0336836437330816,-0.09235420785746243,0.07766581851958719,-0.047362904341173656,-0.0029838649269939123,0.01756514076967178,-0.056748599871587396
profile_ramp,0.9476281773007685,-0.07588337483232366,-0.09597652775306323,0.1799381857503823,-0.002681546751750597,0.03561356121478111,0.12635041495417804,0.04480408579530102,0.015350247490403389,0.005094491615767622,0.024196508629926887,-0.022366175997147554,0.0760901217662506,-0.0308663880383479,0.02619910478847323
weekend_ratio,0.11845032805431321,-0.3391894831457683,0.18714851278932534,-0.45406062304920053,-0.12051264281865712,0.16374300566297076,-0.4000195175134739,0.3972353140106615,0.34423377466085386,0.05921549957042727,0.14349570288298855,0.03173032761455138,0.11323477776462701,0.08927354806998775,0.1460700894666564
weekend_shape_distance,0.7609020527612431,-0.299218765499054,-0.0564345027634408,0.01591120708815284,-0.14733587529974282,0.04819744552632339,0.09921332350719118,0.0017133825749264507,0.19086515925355793,0.01384210176553908,0.19561048693118924,-0.029201913340461134,-0.24267196007668376,-0.08348332164253101,0.3035589151466518
shape_entropy,-0.9007418717486556,-0.2548331332778808,0.00021385946455378517,-0.10073670882427375,0.034202102903653005,0.0798764558720401,-0.23323968358481828,0.10350297878520863,0.05228780298481105,0.03771130999803322,-0.04909757950126007,0.03775179448555383,0.030477458455752386,0.04520623438545075,0.055360611633231804
shape_gini,0.9330422634392826,0.28387418897856714,0.00039206381240901875,0.054497850666530324,-0.0717324227987736,-0.07858212254749214,0.14042576667418075,-0.05099444656280401,-0.03188194889971982,0.018526717809493554,0.015487418598571409,-0.013760241797981791,-0.035888142671602036,-0.020608142284547486,-0.009110172722742824
base_load_share,-0.8910455545045161,-0.3425206867898625,-0.020257150770010928,0.0014314507091517602,0.08256310783343686,0.1006230859581826,0.0213664782538378,-0.023690868675507994,0.003061353516324929,-0.12173188090775448,0.0996196254614067,-0.066589875182114,0.10130477428108813,-0.0051223114850175245,-0.06897164117966702
harmonic_1_amplitude,0.6538681171523414,0.6043228410123096,0.1400941322877027,-0.19300260820426549,-0.17789794004077278,-0.07835157870192924,0.19693412470752866,-0.11846549361058958,-0.05279896072976526,0.033260936155184224,0.01750700551654997,0.01950494397177105,-0.10343746250204507,-0.019670435411502277,-0.03915956895547231
harmonic_2_amplitude,0.8150962431791666,-0.4202954633605426,-0.11403822220641828,0.3054348442533613,0.06601256794067742,-0.04998756466160891,-0.03970701832158075,-0.010150710436510347,-0.009484703927236835,0.004152863750430214,0.045857073595171556,-0.031571208648702984,0.018092975048119367,0.07969534287603436,-0.05814046599135861
harmonic_3_amplitude,0.6510247078897922,-0.2460501233964373,-0.13466199697685466,0.14912188711358976,-0.09961193257564624,0.035627712176363464,0.41527191781057565,0.1319204632040367,0.07686359381841874,-0.28342173484237865,-0.11136462953115157,-0.06839496189062688,0.1010093069376384,0.2989427273732273,0.038320151636983164
haar_detail_l1,0.7909735184432619,-0.15719787430214915,-0.16533819601990435,0.2297685146441655,0.09572396224065981,0.07531485711515264,0.12268631701896057,0.12623658003151358,0.08454937709479646,-0.15166313004298168,0.12594275344283268,-0.10411848014847251,0.2574929074651432,-0.08351969666860154,0.08966039225545783
haar_detail_l2,0.7931769700841113,-0.28927915568172363,-0.18383402292498707,0.33125439204968854,0.12226761804006316,-0.028768576862837104,0.023797996653271695,0.014664885563340228,0.009802853773716346,-0.16559946809729165,-0.0038550255895057205,-0.05793016264409445,0.08197606302361857,-0.16821907032033537,-0.07038597298615962
haar_detail_l3,0.5594681074480512,0.32245882059832615,-0.14755155275489543,0.03655305388150458,0.28857267300539213,-0.03491778323361765,0.5620112955162433,0.03330472783359522,-0.03622685783235223,0.14922082243407678,0.15806384727414569,-0.13852121459972092,0.0251841163940389,0.08434764476879492,0.07451261585825424
peak_to_avg_ratio,0.7412282511683781,0.08059687069506052,-0.021959395886107343,0.15672941950494168,-0.0759455712056306,0.5891465140145143,0.021803365697581515,0.0051733307871396315,-0.04527714360751467,0.0526749943694448,0.025498705167579044,0.05208316821332315,-0.040702474350752284,0.0022112408361721404,-0.016876826040642723
coefficient_of_variation,0.942304979534293,0.15328323851692888,0.02974526692583108,0.015420017629602064,-0.12751374063410112,0.1628250639950716,0.0660902642999864,0.10099506538601946,0.04570907110793409,0.04299138350551894,0.05332123349033141,0.039558598380348226,-0.04848375757854783,-0.04377055508677953,0.0001080107286726466
skewness,0.09173154487183764,-0.19450010266762915,0.045766170301035296,0.17020395817358214,0.028316597469093815,0.9287261641653767,0.008798285752238235,-0.1262045473581568,-0.06724414074958955,0.00012376483347966943,-0.07325034299424855,0.0356625636335296,0.009281445485647842,0.02023773762697225,0.027756682007277
kurtosis,-0.09615388860331123,-0.1576432804604492,0.013745037266362094,0.1776448838367929,0.08735911198239858,0.9175146747378378,0.01276047364774464,-0.18064195491477633,-0.12256225757087998,0.023832997659667066,-0.08341422963524339,0.033321499001355635,-0.0003795431714225854,0.015945069054873383,0.018022437478599107
daily_total_cv,0.33755145350850224,0.37097069556599244,0.1509992295049521,-0.25224433747868485,-0.2981497285316711,0.31287776477012524,-0.12219111122909423,0.52057983725111,0.23731738289485238,0.08415532865158272,0.029283427547490325,0.04679148571722367,0.032024879692408956,-0.08107158463453139,-0.1988108888876662
p90_median_ratio,0.9235444931657798,0.030058177988833847,0.024681642829427922,0.024256819776978873,-0.11641980141852439,-0.04145141388022315,0.20558412134735127,0.08901993879230405,0.022931073893955062,-0.037605620569862046,0.15092882444829916,-0.025598242135072148,-0.012943323516230155,-0.030346434232103616,-0.10012543642910122
weekend_cv_ratio,-0.08143876917121476,0.00443540270318973,-0.018361159610469392,-0.10688052057509746,0.08573701545039895,0.06137063014835435,0.16128356638520824,-0.47821864902975203,0.8283528384646763,0.0629977276245704,-0.1188747371327814,-0.06385370507364233,0.00957876640866307,0.0023523528411322856,-0.09070906029618554
energy_consumption_kwh_mean,0.004516929259662384,-0.05069862223267839,0.9391881860337871,0.2870430920118122,0.15485734584007813,-0.09382808003635194,0.011507816506343724,0.029281354074918452,0.024951121463275446,-0.00655068901189162,-0.01627566653475071,-0.011929166373097084,0.0015419202143757975,-0.0007928347783503302,0.01586495711051285
energy_consumption_kwh_max,0.4498284034381694,0.0035015793632267598,0.7354186508056669,0.3213039826835664,0.05876377202855195,0.26118035083087165,0.02137264861940371,0.029121209019089454,-0.0302823984462258,0.055818734472494205,0.01870801888464407,0.0399100284432507,-0.06488002975354057,0.002699630900567927,-0.06248480754272899
energy_consumption_kwh_min,-0.6000197729675816,-0.223469722382435,0.5743732795462216,0.2460486751727209,0.23164932958418707,0.03701572375919872,0.049186612328195364,-0.1047859952215402,-0.014032696683577898,-0.15326090300674908,-0.008719730440971685,-0.05961278796722572,0.09857650144804701,0.03133962624808673,0.04404233317551693
energy_consumption_kwh_median,-0.13333779815021796,-0.02842491044820796,0.9233276817202749,0.28192680488446475,0.17196202184576195,-0.09673968976069215,-0.022539114398451313,0.014960720374330612,0.022221846695084712,-0.010896643571636966,-0.04985533690704869,-0.012309513810976901,0.008745026323922817,0.008013892677247385,0.05211936767471224
energy_consumption_kwh_std,0.5403497984288737,0.044583122807009413,0.772919079739251,0.22267965159064299,0.022328055914190827,-0.027647052623932467,0.042445714643839665,0.07656592948096598,0.03291009457612032,0.05365771319773999,0.0325055641585048,0.015058480976610826,-0.05753570550944826,-0.029544937709212918,-0.05858137635321846
energy_consumption_kwh_sum,0.004516929259662395,-0.05069862223267845,0.9391881860337872,0.2870430920118125,0.15485734584007818,-0.09382808003635204,0.011507816506343764,0.029281354074918532,0.0249511214632754,-0.00655068901189148,-0.016275666534750714,-0.011929166373097056,0.001541920214375861,-0.0007928347783503488,0.015864957110512782
current_a_mean,0.008388825286736823,-0.048273597803995955,0.9358156037284595,0.2899807507667841,0.1498612775663807,-0.10395507758792934,0.014665399691039626,0.026828627888986593,0.02240184287848513,-0.015435486019305236,-0.012839204397556668,-0.00748814401002924,0.012415772138447068,-0.004643115844213164,0.012245059235432582
