feature,PC1,PC2,PC3,PC4,PC5,PC6,PC7,PC8,PC9,PC10
hour_0_shape,-0.06572911991083513,0.8385439463189016,-0.1860738472823003,-0.3894894947874006,0.2285027236259837,0.0031453302726667932,-0.01111615319887732,0.10132455500574362,-0.10716556960569051,-0.15202555370677848
hour_1_shape,-0.4004669431523813,0.8063573246807466,-0.17010299066107354,-0.2423436405729466,0.20213123751679385,0.07160948205053298,-0.01644277585401027,0.10140204653621102,-0.06434121765873745,-0.1195032652464452
hour_2_shape,-0.6352046900858841,0.7093551414657235,-0.09190428719962405,-0.08029350305862494,0.12433327846850921,0.13049862639873283,-0.022669341224467635,0.08113376112730698,0.010998689477532573,-0.051692263436499776
hour_3_shape,-0.7292947002288089,0.6162781723671054,0.02360445394030614,0.08128297278009151,0.0668024123938509,0.17816340777408612,0.025719643609452655,0.03471088052046892,0.07063485888615494,0.03769299451671682
hour_4_shape,-0.6939875015304408,0.5429837829743329,0.21267760412082512,0.255024813049131,0.07416145859360912,0.20102357597081935,0.10956318737088211,-0.025305711536135023,0.12253437662312866,0.0797881847518862
hour_5_shape,-0.4338656123268487,0.41329313377839205,0.4900514556238131,0.46822148059183627,0.12582453714248532,0.21938974753661772,0.23510669676146556,-0.0801224216049382,0.10504045904039418,0.05912726748291981
hour_6_shape,-0.12185785047889665,0.22510920162180378,0.7417956541318266,0.49790863985949657,0.13054398226871505,0.15103614792250147,0.2178094978411472,-0.05720712108428918,-0.02196843206127711,-0.02946391512492777
hour_7_shape,0.04971219925249308,0.033644301514377854,0.8749286618679458,0.3674513070958268,-0.021699444609904615,0.008522988292122155,0.06394903154878562,0.0022886264569049824,-0.16794223528348515,-0.1504490313839775
hour_8_shape,-0.11371728672526182,-0.24279177996616685,0.8664313960771256,0.06125151889905014,-0.22832773491360372,-0.1274501109240571,-0.09726807431862126,0.05494273452508804,-0.1921026715350371,-0.1712452194153472
hour_9_shape,-0.3788097877655895,-0.4832417670818425,0.5810690162054858,-0.28553598139462205,-0.3240478672775624,-0.18801786697913142,-0.07644504657924552,0.01865156958985417,-0.06280971422755605,-0.09904222779462762
hour_10_shape,-0.5119509145646541,-0.6254406689284346,0.3088377923791606,-0.380833012765255,-0.216757626782227,-0.1109337052053332,-0.013934271485382522,-0.0078086928749096516,0.020126567055575934,0.032164524188154825
hour_11_shape,-0.5220281921767559,-0.7282056438703043,0.1435282442525949,-0.3549894830346785,-0.08652809046810199,-0.04870137290644091,0.04048697600306152,-0.0416894305420572,0.0370944461367389,0.107157869853895
hour_12_shape,-0.49221564053357136,-0.8024974935987377,0.03136028732571419,-0.2745578207694741,0.03158672876836945,0.005178158393417607,0.05311513324657694,-0.05327052027304304,0.02385883079608833,0.14379533185858182
hour_13_shape,-0.4465162087063255,-0.8376885729764625,-0.11318489601175404,-0.16495593461198976,0.13823547489996954,0.05149635960813993,0.04902096379566485,-0.03876740809597055,-0.03335553631611781,0.13502587722540954
hour_14_shape,-0.37329315139487973,-0.8380087105489301,-0.26560515142446445,-0.019898919215138772,0.19178814679619755,0.10010894912204518,0.04205085458736526,-0.025135721194967663,-0.06877611449598861,0.08943295488902912
hour_15_shape,-0.27638808797700304,-0.7941409087154767,-0.4376130927535147,0.15325414298420262,0.17455393257337623,0.14789277518007096,0.00451193593558592,-0.01017351043803284,-0.08722221915744441,-0.012702350299761262
hour_16_shape,-0.06849968326729906,-0.6724954135816849,-0.5784189216626046,0.3805439296324579,0.07095123023530854,0.1320760286070255,-0.044118938479610514,0.03703103878114285,-0.05560263651076836,-0.12852963716335025
hour_17_shape,0.3085564708277529,-0.40832371848428695,-0.5784578798824274,0.5566171956731325,-0.10353137409234743,0.0942096302849324,-0.08253975622628687,0.06598523492007285,0.04165185310086074,-0.1826955695080841
hour_18_shape,0.6836131996617267,-0.03749022439355257,-0.3476368175855455,0.5371664139976873,-0.23056395741741575,-0.04270103082984311,-0.10421026164788078,0.013992769377074292,0.1513400179782821,-0.08102802920584226
hour_19_shape,0.8385154776382983,0.2484585841507202,-0.11904352440299965,0.33377708460717415,-0.2251969897394314,-0.10844767798275898,-0.07784633775142873,-0.014820643459977797,0.1510725686748159,0.05035570022839804
hour_20_shape,0.8366302002068636,0.4603644699661829,-0.02180719638153465,0.05856567217541777,-0.15032178910831054,-0.1345933536534078,-0.05077751065490252,-0.04166697159042583,0.11217576395817586,0.12585674454798482
hour_21_shape,0.7300283537076219,0.611094201198597,-0.027986025006495666,-0.18706251795126685,-0.048215476461106625,-0.13371474182830945,-0.028986569424877904,-0.03850220456286375,0.027081888387826533,0.0801763298759012
hour_22_shape,0.5304052625393609,0.731684017901628,-0.08699066888590905,-0.3455067080368219,0.0720494649241679,-0.11107273737410459,-0.013654096208742675,-0.013621384133819987,-0.04405016757558655,-0.003851744531025031
hour_23_shape,0.2656522654991811,0.8081980565969508,-0.1523584094531611,-0.42738739728072467,0.17768051015804268,-0.06251629301301827,-0.01754183590979673,0.056562979296700906,-0.09466865253437697,-0.08205386624713155
morning_share,-0.41110241695906197,-0.4862760806742916,0.7352264468555341,-0.08786791373289411,-0.17589051454547308,-0.07779790336892305,0.02889123578211442,-0.01094294262613596,-0.07137464519472687,-0.048775366455739634
afternoon_share,-0.29508026961590317,-0.8695294357712036,-0.3552713932523381,0.0895981349658553,0.1056517787831153,0.10051415866328708,0.01032291978914417,-0.009667725532313102,-0.03596610849896895,0.02378857967498818
evening_share,0.7885764441037133,0.5729527267821454,-0.13489269948986943,-0.01788740395122363,-0.08310831951762403,-0.12294846561716219,-0.05637608544399246,-0.012277233361091242,0.06158025625025086,0.029363713546745388
night_share,-0.5559972582277529,0.7910145090226985,0.03368111120829114,-0.014513151101632147,0.16946856983016062,0.14888567556030766,0.05674508953406736,0.04827694379211241,0.01665630067101253,-0.039574989053826275
night_day_ratio,-0.18004386952771784,0.9239610092526327,0.006897133142924295,-0.10085106244005722,0.25698008863139254,0.10561062463365885,0.047434657675023556,0.0770944126371058,0.015695878223677455,-0.05913061703478039
peak_hour_sin,-0.40652656728339487,-0.188793375181377,0.43910675851721437,-0.4141184842672704,0.061756538190027535,0.19898767050617525,-0.16283714778000613,0.06111934091186179,0.4560338172306183,-0.2286545745230361
peak_hour_cos,0.5207035232490602,0.6351311868753011,-0.15361631771403364,0.032483532799786885,-0.06950577784251441,-0.13490776830612522,0.1026607998002083,-0.037152019263570785,-0.37469534678927263,0.1558424918473961
peak_concentration,0.8845149377125063,-0.2995981991273719,0.1422974610880321,-0.09790699666992861,0.22045812305125165,0.026740374065397837,-0.04642778308368435,0.05428757803366022,0.06846599531515042,0.04253860783231028
profile_ramp,0.9232873712885472,-0.1907145108704083,0.2902636582775692,0.00807563664442805,0.12287313899092539,0.01512715034925844,0.006659181707738586,0.026317134963374105,-0.016186354433222524,0.001943621278980316
weekend_ratio,0.20718795889499747,0.2861079270652246,-0.47267090821382857,-0.11104029999310677,-0.5135061533219033,-0.08067478083765908,0.399594207472725,0.039418615748962584,-0.011299339996925504,-0.13626903766503853
weekend_shape_distance,0.791202441101093,0.14408171526255142,0.08221515578279938,-0.19368773758745889,0.07498199663695397,0.02647287185665207,0.08614080772030244,0.06735741809297371,0.026415686788873214,-0.17040870596877766
shape_entropy,-0.7557539877762895,0.5432834525633685,-0.11247229176418093,0.08719626871950828,-0.2574439290482085,-0.01891063207785313,0.06432423433344503,-0.09372754148860084,-0.028395458033914432,0.011698946173603385
shape_gini,0.7892939352971657,-0.5645339222091986,0.0819249970497508,-0.09150747569379619,0.16451047792155446,-0.034193892729024226,-0.028869568033307317,0.05234532135331456,-0.002690470968330701,-0.03330778813079502
base_load_share,-0.7442199674363938,0.5986652027543387,-0.06878307390175466,0.05302904695734101,-0.018098508990368505,0.12784234260936425,-0.03667447161066204,0.023389149064165445,0.06147583049061729,0.046708490247889964
harmonic_1_amplitude,0.4636024983660055,-0.7629528824838375,-0.19153886348441937,-0.21558571495462858,0.22595238742113286,-0.05190461778185154,-0.06442936739716845,0.08107792039864975,0.02756063734807712,-0.06186058208688023
harmonic_2_amplitude,0.8837066167278251,0.18010058625686945,0.3584365944231492,0.09131895885452153,-0.046060790648205854,-0.030585328653777062,-0.0025927689366947388,0.00831265684515519,0.010032355946674065,-0.00871621389933401
harmonic_3_amplitude,0.6885006697419599,0.09144457228223868,0.2742363673344547,-0.17538340053126636,0.35273013742131887,0.16847575332119122,0.13832154289143514,-0.06988745371567576,0.0766661948315724,0.32742599760300534
haar_detail_l1,0.8657624542418255,0.006432143975033953,0.404435915317668,0.07672650271740307,0.11712441174763533,0.07850017332574942,0.035783422037577714,0.023618052728902914,0.002300771732622479,0.06065451461944385
haar_detail_l2,0.8447029241969425,0.009389102691110226,0.4078512010663346,0.15813516540289055,0.008701650850382046,-0.03544466912511372,-0.029248742404301916,0.025427404663176452,0.08129635866435134,0.09489341191117186
haar_detail_l3,0.4376701509338524,-0.47069499387101793,0.10725300403629134,0.13306119750503917,0.5353059637148765,0.35596100342705034,0.09447543392862869,0.08372947922480364,-0.16741681076916293,-0.1398244580172033
peak_to_avg_ratio,0.809359746127807,-0.22325109066329685,0.000817171400029754,-0.17426536136976004,-0.17936224261227504,0.3646324438416424,0.007593153498892019,-0.01784321609753967,-0.053708852109494956,-0.03845851132836582
coefficient_of_variation,0.8731546900839809,-0.3787268978658034,0.03348091729713996,-0.15638543970986588,-0.016159055248218576,0.09808153806874775,0.14969214125507993,0.03885438563584634,0.002840639394107686,-0.07149026852012196
skewness,0.4912236127908952,0.13013216016787868,-0.005132226827502167,-0.23004628998877916,-0.38228823502306053,0.6545485571724474,-0.108729972760032,-0.19972684352107786,-0.06937969145190434,-0.00152214519228826
kurtosis,0.2908124813658227,0.21110507385609995,0.005398273981795959,-0.21328804682409555,-0.38275725751114537,0.7363425656903634,-0.25411909888077594,-0.20483743000939642,-0.09773686390026748,0.02996464050303863
daily_total_cv,0.19319412530969168,-0.33516105169872046,-0.2336738831708194,-0.2584209449817225,-0.2989412459640146,0.12260233448558333,0.7032440617114788,0.004481441056027833,0.11246548528552484,-0.07007390667114562
p90_median_ratio,0.8736736551032416,-0.29927702334579076,0.08882258723099805,-0.15436962506432028,0.14855145798983216,0.08640502144170309,0.13311863134060806,0.10732052519619004,0.05789087101357982,-0.061264512198039946
weekend_cv_ratio,-0.16543847943724413,-0.04259939319785909,0.09456990495296048,0.06352271512961231,-0.36929106675593104,0.2700560446445718,-0.0447688492551829,0.8242173431552421,-0.04138674090246604,0.23246354150895393
