,Mean,Std,Min,25%,50%,75%,Max,Skewness,Kurtosis
consumer_id,50.50820356780622,28.870434292776853,1.0,26.0,50.0,76.0,100.0,0.0002768935337359801,-1.200742720264354
energy_consumption_kwh,1.1855122850224573,0.8776668335531106,0.08721633926956501,0.5463034749274656,0.9060144240188666,1.5897920715135172,4.737213662211845,1.292823438857243,1.2322230290037282
voltage_v,229.98456256640324,4.9996950296285485,207.6719806823556,226.5574181927397,230.00285832822888,233.41531355699522,249.71165505403343,0.0006303719484714641,-0.008874859415209713
current_a,5.157368879535365,3.822171063533773,0.3742230992284691,2.3674955244247804,3.947915793571408,6.9205140402998735,21.39602628074302,1.298334382793623,1.2604022356777294
power_factor,0.9149956768521273,0.03751087065178844,0.8500010961874696,0.8825370250750953,0.915184036746107,0.9476067477570269,0.9799963791578377,-0.006781631673658024,-1.2030606300342304
temperature_c,24.603362197960525,3.1805743727834894,11.687284366396902,22.304371926564254,24.691990280922507,26.97104267301386,34.18212562022653,-0.10656450593148098,-0.4246208826674689
hour,11.499015571863254,6.929917817984398,0.0,5.0,11.0,18.0,23.0,0.0003996556573144998,-1.207827565310065
day_of_week,3.0011932462263586,2.0010733416842204,0.0,1.0,3.0,5.0,6.0,-0.0005677940655167857,-1.2514307748526956
month,1.0,0.0,1.0,1.0,1.0,1.0,1.0,0.0,0.0
