K,Inertia,Silhouette_Score,Calinski_Harabasz_Score,Davies_Bouldin_Score
2,7684.383332974581,0.11361513623593053,21.659609387529436,3.2543185539215322
3,7369.077270063278,0.0429512785238477,16.790762662919672,3.6114555918139715
4,7124.9624950270745,0.03878040456572637,14.479187522626122,3.2866686242310994
5,6920.5858170321535,0.033284823988982436,13.034165113330141,3.252916206496355
6,6751.440875232224,0.041106306146995425,11.929701858021772,2.9872933445123486
7,6632.934171324049,0.03627067459968543,10.838830472493703,2.9604601168879965
8,6520.409254635567,0.038900496078135526,10.039887269849558,2.8802242919495242
9,6394.8719916925975,0.039757711899194054,9.542919984786646,2.97940934317009
10,6311.598575914877,0.035082555879161266,8.92996600664374,2.8496988146278612
