seed,arm,rule_selected,n_features,n_pca_components,cumulative_variance,optimal_k,silhouette,calinski_harabasz,davies_bouldin,stability_mean_ari,stability_std_ari,min_cluster_share,cluster_balance,cluster_sizes,scale_separation,shape_separation,archetype_ari,archetype_nmi,n_true_archetypes
42,scale,False,7,2,0.970207999867798,2,0.5207015729581402,230.1725512682012,0.7829477456368567,0.9833276417776796,0.017758793492894127,0.32,0.47058823529411764,"[64, 136]",0.7958732209896193,0.040740216786920504,-0.0035538317181855136,0.003253034549246757,4
42,shape,True,24,8,0.9529294620346727,4,0.32346480039579006,81.60351827546155,1.1893711186555138,0.9868486069254278,0.02630278614914423,0.175,0.5932203389830508,"[59, 59, 35, 47]",0.04665941532948891,0.7126561795046772,0.6455391215290222,0.6843282474215021,4
42,summary,False,27,11,0.9587802328427757,2,0.321496474890411,97.68446396872977,1.085068570988488,0.9860097306970147,0.012490230152886844,0.265,0.36054421768707484,"[147, 53]",0.01993909198742319,0.3020396060788205,0.3210978163503266,0.5209691686921254,4
42,behavioral,False,51,14,0.9526428075184417,3,0.3124209863345198,86.38602544364484,1.2540806743267057,0.9883670007514509,0.017482915069917258,0.245,0.5212765957446809,"[94, 57, 49]",0.024234368720629108,0.6173564895240938,0.6139744173887723,0.7029073445878486,4
42,combined,False,58,15,0.9539063310824415,3,0.27863006191621004,72.57588502627418,1.3864158034998713,0.9829106410413173,0.02300725361019661,0.245,0.5104166666666666,"[96, 55, 49]",0.03774468174032736,0.6148199919533779,0.6234645078886026,0.716094785298497,4
1,scale,False,7,2,0.9713083603775772,2,0.5158787630089395,228.5779332156253,0.7999251617712317,1.0,0.0,0.32,0.47058823529411764,"[64, 136]",0.8018619650852823,0.05783045481132163,-0.005065777227365454,0.0013868964501653786,4
1,shape,True,24,8,0.9507327682879869,3,0.3249330212553669,86.07657166078194,1.1494198518294703,0.9977433848470583,0.004513230305883553,0.22,0.4631578947368421,"[95, 61, 44]",0.08661888307420705,0.6427441980468696,0.5737649294643061,0.6600194058969852,4
1,summary,False,27,10,0.9526803988189138,2,0.3317862259757629,98.66152872937057,1.0438962208309608,0.9875612963817885,0.02487740723642355,0.26,0.35135135135135137,"[52, 148]",0.13840422833087448,0.33767796729555277,0.32395828426274537,0.5349090449561945,4
1,behavioral,False,51,14,0.952533269723626,3,0.32241006259665517,91.14357270905109,1.2169998208678352,0.9940293209716101,0.008038272644595255,0.215,0.4387755102040816,"[98, 43, 59]",0.11554191356769712,0.6378411992979149,0.5699748773679346,0.660826878219183,4
1,combined,False,58,15,0.9532584036762483,3,0.2894438120517624,76.79483753272531,1.33632273156379,1.0,0.0,0.215,0.43434343434343436,"[58, 99, 43]",0.10689638525505546,0.6367043231501935,0.575371386026171,0.6680188563165855,4
2,scale,False,7,2,0.9685422470933607,2,0.5502457544221002,225.11132089780725,0.7890411274825723,0.974666492005496,0.022658978393698154,0.205,0.2578616352201258,"[159, 41]",0.7954525411809624,0.04795109066885459,-0.0033903827117989873,0.0015174525625791008,4
2,shape,False,24,8,0.9512041677462544,3,0.31395526128346213,86.55336541742004,1.1839482242252708,1.0,0.0,0.305,0.8356164383561644,"[61, 66, 73]",0.016804182256664083,0.6378493440684733,0.5495239655469569,0.5984506178212924,4
2,summary,True,27,10,0.9507149197897689,4,0.3042541992331188,94.16589612121328,1.228667294662754,1.0,0.0,0.195,0.6964285714285714,"[39, 56, 50, 55]",0.09232882026580944,0.6676524638349465,0.7692759082498474,0.7954317551963004,4
2,behavioral,False,51,14,0.9536727823392908,3,0.29901602062414134,86.31117550861133,1.2143627584139864,0.9869300125852294,0.013472803201016768,0.29,0.7837837837837838,"[58, 74, 68]",0.05299926724993263,0.6202345176435594,0.5310906469082005,0.5826221616242674,4
2,combined,False,58,14,0.9501805268913188,3,0.2697199702814006,72.56854836624301,1.3274901005715003,0.966569910953512,0.037138795272394005,0.295,0.8082191780821918,"[59, 68, 73]",0.04060852266058292,0.6202455960283361,0.5305372890751404,0.5815028338710935,4
3,scale,False,7,2,0.9712113461183662,2,0.5642783215207632,231.810385994917,0.7397552929204798,0.9381070413476135,0.049420744802569326,0.215,0.27388535031847133,"[43, 157]",0.8125476143344866,0.04804848719058021,-0.0032303598247442958,0.0021160499854029867,4
3,shape,False,24,9,0.9549017893447885,3,0.313126199530705,89.96627818852676,1.123352059027649,1.0,0.0,0.27,0.675,"[54, 66, 80]",0.08533350154613135,0.6433892526015864,0.5691672767778398,0.6358730279767345,4
3,summary,True,27,10,0.952756239905777,3,0.3279920692571162,106.91093445769354,1.1885913560379173,0.9967565486275166,0.006486902744966505,0.24,0.4752475247524752,"[48, 101, 51]",0.11949059666525377,0.6177207356704525,0.6511445128723334,0.7681369421215415,4
3,behavioral,False,51,14,0.9523271779588186,3,0.3166542520716566,95.2645706070973,1.1870754734649862,1.0,0.0,0.24,0.5106382978723404,"[94, 58, 48]",0.1259524917301961,0.6341310958391005,0.5953063768518934,0.6849448296501296,4
3,combined,False,58,15,0.953145918690919,3,0.2859614013626388,79.62732343853538,1.307941735448882,1.0,0.0,0.24,0.5106382978723404,"[48, 94, 58]",0.1259524917301961,0.6341310958391005,0.5953063768518934,0.6849448296501297,4
4,scale,False,7,2,0.9700313293467142,6,0.46041509141963066,256.04530312949197,0.6556864945442393,1.0,0.0,0.055,0.18032786885245902,"[39, 51, 11, 13, 25, 61]",0.9484342238773416,0.3101281217235459,0.1330297687949582,0.26709738409880823,4
4,shape,False,24,8,0.9506027916458214,3,0.30050450033698384,82.67444656746551,1.2795013487454856,0.8875217589821457,0.07895692665653795,0.26,0.5652173913043478,"[92, 52, 56]",0.08133270131707244,0.6187988611240661,0.5383974416719215,0.5963759411526108,4
4,summary,False,27,11,0.9593309290454859,3,0.31615647721718737,97.8427227147403,1.1598990196392849,0.9779421505011184,0.016097920452781734,0.16,0.27586206896551724,"[32, 52, 116]",0.041187675387022206,0.5451067394202783,0.4510320865651967,0.6199360059196201,4
4,behavioral,True,51,14,0.9526373593928296,4,0.3096606655881594,86.06623089017597,1.2666964591314922,0.9905652950987925,0.010205621701156718,0.175,0.5737704918032787,"[61, 50, 35, 54]",0.08562933450652091,0.6881431181896444,0.7776380938814645,0.8017679006440286,4
4,combined,False,58,15,0.9539521111711224,3,0.2641249925930337,71.96957436610315,1.4054410669718902,1.0,0.0,0.26,0.5591397849462365,"[93, 55, 52]",0.07571991692581356,0.610454727812242,0.5910771106665587,0.6716778983649135,4
5,scale,False,7,2,0.974196570000097,2,0.608511886538693,208.28713327142805,0.7361124055132621,1.0,0.0,0.15,0.17647058823529413,"[170, 30]",0.7632989959486991,0.06482401130157601,-3.5628972832908216e-05,0.008934421085181481,4
5,shape,False,24,8,0.9506926538574217,3,0.32030559940319814,82.8527654042003,1.2037382895511655,1.0,0.0,0.305,0.7922077922077922,"[77, 62, 61]",0.08251624317307436,0.6228881083882493,0.5444548169482528,0.589975186999787,4
5,summary,True,27,11,0.957802520903402,4,0.3285305307042226,99.4527762452241,1.112233117107936,0.997379315247373,0.005241369505254401,0.225,0.8490566037735849,"[53, 50, 52, 45]",0.09645209470434832,0.6738532754280175,0.9106343487651155,0.9103295128017596,4
5,behavioral,False,51,14,0.9514967216957844,3,0.31661885506004744,87.19492631262693,1.2473560584864096,0.993787039241863,0.012425921516274176,0.29,0.6987951807228916,"[83, 58, 59]",0.07919363701903076,0.6166960102565913,0.5849784784093739,0.6430642247555383,4
5,combined,False,58,15,0.9527174388947912,3,0.2865571595965685,72.36195470458398,1.3717808213975342,0.9388265661497469,0.047178875930446375,0.26,0.5777777777777777,"[58, 90, 52]",0.09200721750328339,0.6180465117693023,0.6106407439761402,0.6783637268672257,4
6,scale,False,7,2,0.9705131733058354,2,0.5056596670307378,242.55134879459985,0.8011979858822003,0.9959399600875347,0.00812007982493057,0.32,0.47058823529411764,"[64, 136]",0.8306354024131358,0.03070401776308582,-0.005443763604660439,0.0009135546703779631,4
6,shape,False,24,8,0.9533725008403724,3,0.3034390204378178,79.30135435737391,1.172184782840263,0.9409381401766699,0.09293110358231511,0.235,0.5949367088607594,"[74, 47, 79]",0.06298152084028578,0.6198872514465985,0.5084234320367952,0.573263251287867,4
6,summary,False,27,10,0.9520737276751411,4,0.31985415567669223,99.71062383555504,1.1071859663930568,0.9859537032442239,0.010539150912956647,0.225,0.8490566037735849,"[45, 51, 53, 51]",0.03751958983528177,0.693804380840476,0.8850741056299081,0.8664876317201464,4
6,behavioral,True,51,14,0.9541047855844463,4,0.31018649614774446,87.23919814279992,1.174499953911286,1.0,0.0,0.23,0.8679245283018868,"[51, 53, 50, 46]",0.0739559071188958,0.6985495159153273,0.9211473017637988,0.9039219503019269,4
6,combined,False,58,15,0.9551364163311832,3,0.2715881323141944,71.3926455451695,1.4149368906453004,1.0,0.0,0.245,0.5104166666666666,"[55, 96, 49]",0.054664029026959084,0.6011379041636283,0.612256009518775,0.6938165639549955,4
7,scale,False,7,2,0.9695129812800065,2,0.5150681854174103,244.95741163978403,0.7893011799321004,1.0,0.0,0.335,0.5037593984962406,"[133, 67]",0.8292030734890726,0.03629959144613252,0.00022254314051536962,0.007931838216193827,4
7,shape,False,24,8,0.9503254881624381,5,0.34047649599069535,78.40395455841521,1.1569900690820085,0.9482948430469221,0.034231228310517836,0.11,0.4074074074074074,"[46, 24, 54, 54, 22]",0.21201742867182566,0.7561029627332031,0.7241841701974218,0.7410068994318175,4
7,summary,True,27,11,0.9584232319333889,4,0.31131024379344363,93.11777492447729,1.1240952573022527,1.0,0.0,0.245,0.9607843137254902,"[50, 50, 49, 51]",0.11753804017401805,0.6683915676256764,0.9600673695208697,0.9469218122473159,4
7,behavioral,False,51,14,0.9518433898380574,4,0.2974257928690362,83.73758598553832,1.1979626570191837,0.9974036682997618,0.005192663400476682,0.24,0.9056603773584906,"[48, 50, 53, 49]",0.11727657886023649,0.6911561330050415,0.959813205485525,0.9517709083685741,4
7,combined,False,58,15,0.9536108118746943,3,0.27518771369033773,70.62627587149709,1.4005317135200785,0.9858448170462809,0.010328386247565838,0.295,0.8194444444444444,"[69, 59, 72]",0.117988398627198,0.615802209819829,0.581049571731934,0.6417016895652807,4
8,scale,False,7,2,0.9714139929670795,2,0.5137379404899814,235.74403467991115,0.7615472611825603,0.9888748130266048,0.010406659504561374,0.275,0.3793103448275862,"[55, 145]",0.8095323905953289,0.07347803790586775,0.008891845700324611,0.020511313318660285,4
8,shape,True,24,8,0.9529986800094887,4,0.3214748860211495,83.34551681848542,1.1864109573654478,0.9525078772401141,0.03868712611300279,0.215,0.7543859649122807,"[43, 57, 45, 55]",0.15995971008167956,0.7200931127266957,0.7416658431891188,0.7411504411483829,4
8,summary,False,27,11,0.9586436499628287,3,0.3302388396756082,104.0870291153123,1.1952073915630421,1.0,0.0,0.225,0.42857142857142855,"[105, 50, 45]",0.10378552472876594,0.5876789006672772,0.5942174801102684,0.7289883491895629,4
8,behavioral,False,51,14,0.9528629558218552,3,0.32041582944229985,90.37798820049491,1.232627064683166,1.0,0.0,0.265,0.5824175824175825,"[53, 91, 56]",0.09505498585076619,0.6210652310287307,0.6078900424316552,0.6773396299917123,4
8,combined,False,58,15,0.9549716535008155,3,0.2879274585889396,75.63554862699891,1.3549690825563794,1.0,0.0,0.26,0.5591397849462365,"[93, 55, 52]",0.1235631101868881,0.6202807920877396,0.6172011053232562,0.6915042401181741,4
9,scale,False,7,2,0.9710554113121381,2,0.5341541751516293,196.9199192917114,0.8024702871810774,0.9913206172512149,0.01735876549757021,0.225,0.2903225806451613,"[155, 45]",0.775818569954095,0.041919287022386564,-0.004107826048826476,0.0008296929317333377,4
9,shape,False,24,9,0.9558839791175839,3,0.310546884718194,80.59484310649178,1.2121857361518702,0.9694437767288422,0.041137574549695875,0.265,0.6463414634146342,"[82, 53, 65]",0.05405773866587955,0.6239252715142328,0.5349254328437701,0.5797277348420028,4
9,summary,False,27,11,0.9564558169994634,2,0.3064813894708609,91.14260562202584,1.128430939849005,1.0,0.0,0.27,0.3698630136986301,"[146, 54]",0.04061696047674453,0.29824455282870166,0.3184570314284722,0.509767576590765,4
9,behavioral,True,51,14,0.9505373066040481,3,0.3037644084741414,82.25891854728467,1.270879009068202,0.9969251132970303,0.006149773405939518,0.255,0.5730337078651685,"[51, 89, 60]",0.08192760206555107,0.6163576418717568,0.5943303413677233,0.6540011739440539,4
9,combined,False,58,15,0.9535135965663079,3,0.2774199275140282,69.33635252194095,1.3870474175538645,0.9597644941936266,0.032918962093302126,0.25,0.5319148936170213,"[50, 94, 56]",0.1471841404680157,0.6143802683007555,0.5916350401807722,0.6668149209038443,4
10,scale,False,7,2,0.9701402226078308,2,0.48373499840953443,213.55502273611924,0.8105307735732681,0.9598863202169915,0.02896584284999777,0.375,0.6,"[125, 75]",0.7858686226278686,0.06356262917483972,-0.0008949402023919043,0.006419449538830107,4
10,shape,False,24,9,0.9556206403417699,3,0.30195039261614065,77.22858699962715,1.2258277953507022,0.991486341358714,0.007963798435909993,0.28,0.6666666666666666,"[84, 60, 56]",0.03396541334250879,0.6166238225127001,0.6157727734523586,0.6854365819422905,4
10,summary,False,27,11,0.9573959829555814,2,0.2978817706496297,89.99774775795868,1.1548598663468743,1.0,0.0,0.28,0.3888888888888889,"[56, 144]",0.016357024874886116,0.2942146140267273,0.3156823936576035,0.5064773601170478,4
10,behavioral,True,51,14,0.9522072750853422,3,0.30998497516684315,86.72443051628397,1.2411197810699424,1.0,0.0,0.27,0.5934065934065934,"[55, 91, 54]",0.0417924192260064,0.6131000237985109,0.6584438908728615,0.7484910734699838,4
10,combined,False,58,15,0.9536397342288352,3,0.27600205750597673,72.79556193492165,1.3665164129877436,1.0,0.0,0.27,0.5934065934065934,"[91, 55, 54]",0.0417924192260064,0.6131000237985109,0.6584438908728615,0.7484910734699838,4
11,scale,False,7,2,0.9739021981026714,2,0.5248710224157432,233.8990132118013,0.7766568042341939,0.9917439043012024,0.016512191397595414,0.285,0.3986013986013986,"[143, 57]",0.8052688439249783,0.09232480440755841,0.00295131395920618,0.011519149723466855,4
11,shape,False,24,8,0.9567785653039218,4,0.33190153982516635,83.90561743787359,1.1341414698522971,0.9905157531197805,0.007978293605796863,0.175,0.5645161290322581,"[43, 60, 35, 62]",0.12230703501410825,0.7239092917134041,0.6567082776630024,0.7031261904767961,4
11,summary,True,27,11,0.9603222248518997,4,0.329301662720294,102.87283345649082,1.1563351246994718,1.0,0.0,0.215,0.7543859649122807,"[57, 50, 43, 50]",0.14712754061880273,0.6843821281036129,0.9121671325584817,0.9250641579252835,4
11,behavioral,False,51,14,0.9556853092883947,3,0.3128254605869784,89.5505330774572,1.243423072003944,0.9859557823476207,0.01066600116338795,0.275,0.632183908045977,"[55, 58, 87]",0.09644943147175007,0.6148405913131058,0.5985152217615768,0.6609583095334243,4
11,combined,False,58,14,0.9501124314173494,3,0.2805881172275151,76.23864149210816,1.3636041730717627,0.9797495046826,0.02109149227135725,0.275,0.6395348837209303,"[59, 55, 86]",0.14643863408411853,0.611439178860765,0.6081001721003136,0.6759834320303431,4
12,scale,False,7,2,0.977391021506629,2,0.5686977291330803,200.50880997369256,0.7730491850072851,1.0,0.0,0.17,0.20481927710843373,"[166, 34]",0.7709876153463593,0.08862310871254203,0.003910630255789339,0.01652259220934549,4
12,shape,False,24,7,0.9508898916880117,3,0.32607809597521353,82.43989715148562,1.171042823895511,0.9860647097625509,0.012436229373855719,0.29,0.7160493827160493,"[58, 81, 61]",0.07490241902621485,0.6267818301772277,0.5963752393262169,0.6541080563480332,4
12,summary,False,27,10,0.9510945845495801,2,0.3284791352424628,95.32374891474417,1.0817617824815826,0.9957737901910139,0.008452419617971784,0.255,0.3422818791946309,"[149, 51]",0.04422814478011067,0.31605311940371067,0.327034801788139,0.5560250066406728,4
12,behavioral,True,51,13,0.9518843470856763,3,0.3214618214949285,85.34874368952347,1.2463032211905338,0.9915219493143357,0.007930490243364804,0.24,0.4752475247524752,"[48, 51, 101]",0.11368555484578638,0.6112587657391823,0.6511445128723334,0.7681369421215415,4
12,combined,False,58,14,0.9525754970287159,3,0.28781592051554045,72.10697907231551,1.36346773058673,0.9943640690524442,0.007587604248554423,0.235,0.46078431372549017,"[102, 51, 47]",0.12604270049974617,0.6126745408546209,0.6361688956428376,0.755493455606212,4
13,scale,False,7,2,0.9768345614594799,3,0.4557954790680691,189.80303591699902,0.7914782358898425,0.9693598064583674,0.029460589357604955,0.05,0.09174311926605505,"[109, 10, 81]",0.8867672120283003,0.08555567595474663,0.02068402221344493,0.03189326170366261,4
13,shape,True,24,8,0.9550647673861484,4,0.32800903112327107,81.60524823203973,1.227952108411572,0.9975869351877444,0.004826129624511432,0.135,0.39705882352941174,"[68, 54, 51, 27]",0.08926792692210474,0.7111532613706588,0.588444021705027,0.6418258773162917,4
13,summary,False,27,11,0.95925603131043,2,0.30608901073692235,93.06182008871632,1.1532600130881971,1.0,0.0,0.285,0.3986013986013986,"[143, 57]",0.0834379701260463,0.3223754444999881,0.3118881979360231,0.48527730976502625,4
13,behavioral,False,51,14,0.9544470083318172,3,0.30796015088802187,84.93640811122243,1.2721715064180856,0.960106970722443,0.029695166985775175,0.23,0.4742268041237113,"[57, 97, 46]",0.07656025125409734,0.6185730268334481,0.5439863665611392,0.6271925556401795,4
13,combined,False,58,15,0.9544596453031378,3,0.27668410417658085,71.35756173055121,1.3954520701439284,0.994431882895529,0.011136234208942363,0.275,0.6179775280898876,"[55, 89, 56]",0.14173314318767613,0.6230836398024584,0.5829187401298578,0.6484470467529098,4
14,scale,False,7,2,0.9710088890119462,2,0.5038887296218327,196.70991199917398,0.8683782047447278,1.0,0.0,0.295,0.41843971631205673,"[141, 59]",0.7877175799616313,0.04591827480095839,-0.0015964333887702287,0.005481535826464317,4
14,shape,False,24,8,0.9512904123665163,3,0.313386300328632,90.2417886618395,1.1690696699706777,0.9680860115935914,0.026711379248303604,0.32,0.9142857142857143,"[70, 64, 66]",0.057218464783914624,0.6410781895377928,0.562006641956571,0.6120231255645053,4
14,summary,True,27,10,0.9518539030609964,4,0.3240315232451043,103.67206451039024,1.136726018989969,0.9874608086407803,0.009465560052687,0.22,0.8148148148148148,"[52, 54, 50, 44]",0.058566986600632774,0.6953540881780699,0.8854231451330365,0.8732825244603024,4
14,behavioral,False,51,14,0.9531195633548913,3,0.3117383080016303,91.35908853230663,1.2338728328727502,0.9871681824376525,0.011301962626625047,0.275,0.632183908045977,"[87, 55, 58]",0.07425914727717998,0.636746032569094,0.5694376658428545,0.6395238345175235,4
14,combined,False,58,15,0.9547867354920532,3,0.2828514102982959,76.86903669608408,1.3506262967275984,0.9868183228270756,0.014091805646897347,0.275,0.632183908045977,"[87, 55, 58]",0.07425914727717998,0.636746032569094,0.5694376658428545,0.6395238345175235,4
15,scale,False,7,2,0.9732182144067251,4,0.4565293054133589,202.60542661224233,0.7720848409947663,1.0,0.0,0.075,0.14563106796116504,"[23, 103, 15, 59]",0.897534488451755,0.2248727666426087,0.0408754815930275,0.12450429739109506,4
15,shape,False,24,9,0.9560809570944041,3,0.3085418789673019,83.4456874832883,1.2070040253809866,0.994860241896396,0.006919611114178014,0.22,0.4943820224719101,"[44, 89, 67]",0.08386062571471874,0.6319934682347649,0.46394585767277724,0.5285814133993298,4
15,summary,True,27,10,0.9533390819045396,3,0.3126044906500088,102.90852072808794,1.2427859481132684,1.0,0.0,0.23,0.46938775510204084,"[98, 56, 46]",0.10968246712832869,0.594014570380584,0.5934674573875893,0.6966123028601665,4
15,behavioral,False,51,14,0.9527054369365774,3,0.298676252808664,88.21336684744779,1.254872164069569,0.9645857935885025,0.02476525079335597,0.24,0.5217391304347826,"[92, 60, 48]",0.09300489675132884,0.6154460819956188,0.5936623084094017,0.6719190868485765,4
15,combined,False,58,15,0.9536173004074499,3,0.2708296818519312,74.51072085508886,1.3526945201944107,0.9715444024687072,0.02477303235706568,0.22,0.4489795918367347,"[98, 44, 58]",0.07734194314041025,0.6095024835963252,0.583845854690007,0.687948189756122,4
16,scale,False,7,2,0.9689677301827473,2,0.5701921086226562,223.76516241338274,0.772229279349362,0.9920360893396791,0.01072174285378089,0.21,0.26582278481012656,"[42, 158]",0.7818052639191586,0.03292553744201487,-0.0013772462333093136,0.005427301628726396,4
16,shape,False,24,8,0.9508144962431944,3,0.31627670139063985,86.90246324535907,1.2160731724478193,0.9816770424316158,0.016026175469400435,0.22,0.5057471264367817,"[69, 87, 44]",0.03245142737603422,0.6399421859187745,0.515792677608662,0.5871943091867121,4
16,summary,True,27,10,0.9547090488086671,3,0.3124210368697394,99.33484558564528,1.2132640512010202,0.9895007500470271,0.009455992009122827,0.22,0.43564356435643564,"[55, 44, 101]",0.04311544374483439,0.6007491250838718,0.5889334891872043,0.7003361596376615,4
16,behavioral,False,51,14,0.9540456246211649,3,0.30169773938688055,88.57893986548581,1.2402210778557543,0.9478355513841479,0.03859045684744943,0.275,0.6875,"[55, 65, 80]",0.044157099690547784,0.6342032207481813,0.5519169449775588,0.6050990440556003,4
16,combined,False,58,15,0.9547477960734528,3,0.2684823637965449,74.0561280483649,1.3717733073405425,0.9743784772052881,0.026008041405018813,0.255,0.6,"[85, 64, 51]",0.04205774460696874,0.6300795290616082,0.5510733720169706,0.6116883636139752,4
17,scale,False,7,2,0.9733612139064152,4,0.455820735721129,224.73772334484076,0.715733229866508,0.9600773927125589,0.0532111349774153,0.08,0.17582417582417584,"[91, 68, 16, 25]",0.8987950177404813,0.24327161821537446,0.09112728021367776,0.2021075984503723,4
17,shape,False,24,8,0.9508614309807635,5,0.3110952242984727,78.7073372589879,1.2412098001460607,1.0,0.0,0.115,0.42592592592592593,"[54, 23, 53, 45, 25]",0.09290949847568306,0.7557751168395429,0.6950260558780534,0.7286771014872142,4
17,summary,True,27,10,0.9506876701379279,4,0.3020068814480915,95.20077999232723,1.14857814672201,0.9783803745393066,0.015623554072275914,0.22,0.7719298245614035,"[49, 44, 50, 57]",0.16514955409839358,0.6782732411147662,0.8837862017183247,0.8841447774446543,4
17,behavioral,False,51,14,0.9541343282864658,3,0.2967305223012398,83.66906763959241,1.2732377924747702,0.9761317107969104,0.02817302302927839,0.24,0.5274725274725275,"[48, 91, 61]",0.05299142113198209,0.6142324836543306,0.6222727388555415,0.7261428818281641,4
17,combined,False,58,14,0.9516650702851135,3,0.269090843071243,70.95012116174146,1.3973694252381785,0.981407834518988,0.014412840362437656,0.245,0.532608695652174,"[49, 59, 92]",0.07617473981654371,0.6111609353363735,0.6250801285371237,0.7177332946019505,4
18,scale,False,7,2,0.9733596561433273,2,0.5476613689175119,238.19191179683665,0.7658507154690186,1.0,0.0,0.245,0.32450331125827814,"[49, 151]",0.8238964686364302,0.04753064294239586,-0.004114937607839475,0.001307038134199658,4
18,shape,False,24,9,0.955763984331653,3,0.30965087123212237,85.60509396770021,1.1355934003997434,0.9838054141036398,0.022044745694094356,0.23,0.48936170212765956,"[46, 94, 60]",0.05273408244708295,0.6410609659136578,0.6108680868486878,0.7053064617188296,4
18,summary,False,27,10,0.951326361878642,3,0.3402785927856775,112.78826529092903,1.1666739091728064,1.0,0.0,0.225,0.4326923076923077,"[104, 51, 45]",0.017330135401424605,0.6252846747775127,0.6073196047044367,0.7330448594293957,4
18,behavioral,True,51,14,0.9521170128576348,3,0.33041397393814753,97.75891817599842,1.184564173111225,1.0,0.0,0.24,0.48,"[100, 52, 48]",0.03746971617496358,0.6387760516337463,0.64517581943045,0.7555108133824949,4
18,combined,False,58,15,0.9538745207382324,3,0.2959805549785131,81.90789645309633,1.3018770120119154,1.0,0.0,0.24,0.48,"[100, 48, 52]",0.03746971617496358,0.6387760516337463,0.64517581943045,0.7555108133824949,4
19,scale,False,7,2,0.9709894881518928,2,0.5621245363145961,242.1679450559313,0.7370566789994832,1.0,0.0,0.225,0.2903225806451613,"[155, 45]",0.8018512364423045,0.026842186487510872,-0.002362613871805834,0.0037751892213228107,4
19,shape,False,24,8,0.9538980578449406,3,0.3286713788218412,90.92470558780583,1.1238578038823974,0.9921364508067626,0.007033372216196725,0.3,0.8108108108108109,"[60, 66, 74]",0.03721956579651324,0.648039246543198,0.5548488543895392,0.6014479026379468,4
19,summary,False,27,11,0.9613162198872184,3,0.32630528552800314,100.99592477230125,1.2055966886897647,1.0,0.0,0.215,0.4095238095238095,"[105, 52, 43]",0.010205463913630548,0.599151229336814,0.5831845721472247,0.7026987079950143,4
19,behavioral,True,51,14,0.9523169320955713,3,0.31829923194711346,91.43678644952128,1.2088247992783316,0.987131059042508,0.013757476569587939,0.26,0.5591397849462365,"[93, 52, 55]",0.030300415885162798,0.6296984789313363,0.6261444548453688,0.7016215612972706,4
19,combined,False,58,15,0.9536573544801141,3,0.2855332108108539,76.32934221767317,1.3378146425276667,1.0,0.0,0.265,0.5638297872340425,"[94, 53, 53]",0.028769799377670952,0.6294154713165421,0.6328614742699833,0.7172405178968269,4
