K,ari,nmi,silhouette,n_true_archetypes,cluster_sizes
2,0.3138487451947353,0.4922807802733499,0.2967346600634953,4,"[56, 144]"
3,0.5851806573404174,0.6570199776519353,0.31341719198840434,4,"[55, 86, 59]"
4,0.8375607365665905,0.8270815370005772,0.29454053643820166,4,"[50, 47, 49, 54]"
5,0.7745280067201088,0.7912466240139903,0.31288545761785014,4,"[50, 30, 44, 55, 21]"
6,0.7111776940935493,0.7602377547758823,0.31784640912842604,4,"[59, 50, 25, 23, 8, 35]"
7,0.6815884104217632,0.7485954280704564,0.2718010921564472,4,"[9, 24, 50, 23, 47, 22, 25]"
8,0.588592585634418,0.7339596096728518,0.20854805144014418,4,"[46, 28, 24, 30, 19, 20, 10, 23]"
9,0.5628877918750526,0.7182740600992772,0.2050108640855609,4,"[12, 24, 24, 15, 22, 21, 8, 29, 45]"
10,0.47362228826298675,0.6650720980181294,0.20759534310457398,4,"[8, 15, 19, 32, 32, 18, 27, 6, 31, 12]"
