K,inertia,silhouette,calinski_harabasz,davies_bouldin,stability_mean_ari,stability_std_ari,assignment_agreement,min_cluster_share,selected
2,6850.080611220084,0.2967346600634953,83.46027762393253,1.130187266670996,,,,0.28,True
3,5126.543998032453,0.31341719198840434,88.59369200126096,1.3235112999933738,,,,0.275,False
4,4179.506858379531,0.29454053643820166,86.88164076808845,1.2541698616856827,,,,0.235,False
5,3701.7278414634907,0.31288545761785014,79.48829593597523,1.2793903256084098,,,,0.105,False
6,3418.2771505318365,0.31784640912842604,71.72793529954076,1.2456230027042183,,,,0.04,False
7,3186.167944619543,0.2718010921564472,66.1404590264564,1.3209802747568327,,,,0.045,False
8,3051.165856792047,0.20854805144014418,60.107081706495194,1.4264764873389024,,,,0.05,False
9,2865.25490351207,0.2050108640855609,57.2636391583129,1.5024951803445192,,,,0.04,False
10,2721.400021077138,0.20759534310457398,54.42703316060117,1.4865289563465824,,,,0.03,False
